-- Cria o banco de dados se não existir
CREATE DATABASE IF NOT EXISTS Hospital_BD;
-- Usa o banco de dados Hospital_BD
USE Hospital_BD;

-- Exclui tabelas se existirem
DROP TABLE IF EXISTS Visita, Internacao, Consulta, Agendamento, Funcionario_Recepcao, Atendimento, Unidade_Internacao, Medico, Paciente;

-- Criação das tabelas com engine InnoDB para FK
CREATE TABLE Paciente (
    paciente_id INT PRIMARY KEY AUTO_INCREMENT,
    nome VARCHAR(100),
    cpf VARCHAR(14) UNIQUE,
    data_nascimento DATE,
    sexo ENUM('M', 'F', 'Outro'),
    telefone VARCHAR(20),
    endereco VARCHAR(255),
    convenio VARCHAR(100)
); 

CREATE TABLE Medico (
    medico_id INT PRIMARY KEY AUTO_INCREMENT,
    nome VARCHAR(100),
    especialidade VARCHAR(100)
);

CREATE TABLE Unidade_Internacao (
    unidade_id INT PRIMARY KEY AUTO_INCREMENT,
    nome_unidade VARCHAR(100)
) ;

CREATE TABLE Atendimento (
    atendimento_id INT PRIMARY KEY AUTO_INCREMENT,
    paciente_id INT,
    data DATETIME,
    motivo VARCHAR(255),
    FOREIGN KEY (paciente_id) REFERENCES Paciente(paciente_id)
) ;

CREATE TABLE Funcionario_Recepcao (
    funcionario_id INT PRIMARY KEY AUTO_INCREMENT,
    atendimento_id INT,
    nome VARCHAR(100),
    cargo VARCHAR(50),
    cpf VARCHAR(14) UNIQUE,
    telefone VARCHAR(20),
    FOREIGN KEY (atendimento_id) REFERENCES Atendimento(atendimento_id)
) ;

CREATE TABLE Agendamento (
    agendamento_id INT PRIMARY KEY AUTO_INCREMENT,
    funcionario_id INT,
    paciente_id INT,
    data_agendamento DATETIME,
    tipo_consulta VARCHAR(100),
    status VARCHAR(50),
    FOREIGN KEY (funcionario_id) REFERENCES Funcionario_Recepcao(funcionario_id),
    FOREIGN KEY (paciente_id) REFERENCES Paciente(paciente_id)
) ;

CREATE TABLE Consulta (
    consulta_id INT PRIMARY KEY AUTO_INCREMENT,
    medico_id INT,
    paciente_id INT,
    data DATETIME,
    diagnostico TEXT,
    FOREIGN KEY (medico_id) REFERENCES Medico(medico_id),
    FOREIGN KEY (paciente_id) REFERENCES Paciente(paciente_id)
) ;

CREATE TABLE Internacao (
    internacao_id INT PRIMARY KEY AUTO_INCREMENT,
    paciente_id INT,
    unidade_id INT,
    medico_id INT,
    motivo_internacao VARCHAR(255),
    data_admissao DATE,
    data_saida DATE,
    FOREIGN KEY (paciente_id) REFERENCES Paciente(paciente_id),
    FOREIGN KEY (unidade_id) REFERENCES Unidade_Internacao(unidade_id),
    FOREIGN KEY (medico_id) REFERENCES Medico(medico_id)
) ;

CREATE TABLE Visita (
    visita_id INT PRIMARY KEY AUTO_INCREMENT,
    paciente_id INT,
    data_visita DATE,
    nome_visitante VARCHAR(100),
    relacionamento_visitante VARCHAR(50),
    FOREIGN KEY (paciente_id) REFERENCES Paciente(paciente_id)
) ;


-- Inserção dos dados

INSERT INTO Paciente (nome, cpf, data_nascimento, sexo, telefone, endereco, convenio) VALUES
('fAna Paula', '111.111.111-01', '1980-01-10', 'F', '(11) 90000-0001', 'fRua 1, 10', 'fUnimed'),
('fBruno Costa', '111.111.111-02', '1975-05-20', 'M', '(11) 90000-0002', 'fRua 2, 20', 'fBradesco Saúde'),
('fCarla Lima', '111.111.111-03', '1995-07-30', 'F', '(11) 90000-0003', 'fRua 3, 30', 'fAmil'),
('fDiego Santos', '111.111.111-04', '1988-12-15', 'M', '(11) 90000-0004', 'fRua 4, 40', 'fUnimed'),
('fElisa Rocha', '111.111.111-05', '1992-11-11', 'F', '(11) 90000-0005', 'fRua 5, 50', 'fBradesco Saúde'),
('fFábio Martins', '111.111.111-06', '1979-09-09', 'M', '(11) 90000-0006', 'fRua 6, 60', 'fAmil'),
('fGabriela Souza', '111.111.111-07', '1983-06-06', 'F', '(11) 90000-0007', 'fRua 7, 70', 'fUnimed'),
('fHugo Alves', '111.111.111-08', '1990-03-03', 'M', '(11) 90000-0008', 'fRua 8, 80', 'fBradesco Saúde'),
('fIsabela Ferreira', '111.111.111-09', '1997-02-02', 'F', '(11) 90000-0009', 'fRua 9, 90', 'fAmil'),
('fJoão Pedro', '111.111.111-10', '1985-01-01', 'M', '(11) 90000-0010', 'fRua 10, 100', 'fUnimed'),
('fKaren Dias', '111.111.111-11', '1991-08-08', 'F', '(11) 90000-0011', 'fRua 11, 110', 'fBradesco Saúde'),
('fLucas Pereira', '111.111.111-12', '1984-04-04', 'M', '(11) 90000-0012', 'fRua 12, 120', 'fAmil'),
('fMariana Rocha', '111.111.111-13', '1993-12-12', 'F', '(11) 90000-0013', 'fRua 13, 130', 'fUnimed'),
('fNatan Silva', '111.111.111-14', '1982-07-07', 'M', '(11) 90000-0014', 'fRua 14, 140', 'fBradesco Saúde'),
('fOlivia Costa', '111.111.111-15', '1996-09-09', 'F', '(11) 90000-0015', 'fRua 15, 150', 'fAmil'),
('fPaulo Gomes', '111.111.111-16', '1989-10-10', 'M', '(11) 90000-0016', 'fRua 16, 160', 'fUnimed'),
('fQuésia Lima', '111.111.111-17', '1994-05-05', 'F', '(11) 90000-0017', 'fRua 17, 170', 'fBradesco Saúde'),
('fRicardo Fernandes', '111.111.111-18', '1981-11-11', 'M', '(11) 90000-0018', 'fRua 18, 180', 'fAmil'),
('fSofia Ribeiro', '111.111.111-19', '1998-08-08', 'F', '(11) 90000-0019', 'fRua 19, 190', 'fUnimed'),
('fTiago Martins', '111.111.111-20', '1987-06-06', 'M', '(11) 90000-0020', 'fRua 20, 200', 'fBradesco Saúde'),
('fÚrsula Dias', '111.111.111-21', '1999-03-03', 'F', '(11) 90000-0021', 'fRua 21, 210', 'fAmil'),
('fVictor Souza', '111.111.111-22', '1986-12-12', 'M', '(11) 90000-0022', 'fRua 22, 220', 'fUnimed'),
('fWaleska Alves', '111.111.111-23', '1992-01-01', 'F', '(11) 90000-0023', 'fRua 23, 230', 'fBradesco Saúde'),
('fXavier Gomes', '111.111.111-24', '1983-04-04', 'M', '(11) 90000-0024', 'fRua 24, 240', 'fAmil'),
('fYara Rocha', '111.111.111-25', '1990-07-07', 'F', '(11) 90000-0025', 'fRua 25, 250', 'fUnimed'),
('fZeca Silva', '111.111.111-26', '1985-10-10', 'M', '(11) 90000-0026', 'fRua 26, 260', 'fBradesco Saúde'),
('fAlice Pereira', '111.111.111-27', '1997-03-03', 'F', '(11) 90000-0027', 'fRua 27, 270', 'fAmil'),
('fBruno Dias', '111.111.111-28', '1980-12-12', 'M', '(11) 90000-0028', 'fRua 28, 280', 'fUnimed'),
('fCamila Costa', '111.111.111-29', '1994-01-01', 'F', '(11) 90000-0029', 'fRua 29, 290', 'fBradesco Saúde'),
('fDaniel Gomes', '111.111.111-30', '1982-09-09', 'M', '(11) 90000-0030', 'fRua 30, 300', 'fAmil'),
('fElaine Ribeiro', '111.111.111-31', '1993-11-11', 'F', '(11) 90000-0031', 'fRua 31, 310', 'fUnimed'),
('fFábio Martins', '111.111.111-32', '1981-07-07', 'M', '(11) 90000-0032', 'fRua 32, 320', 'fBradesco Saúde'),
('fGiovana Lima', '111.111.111-33', '1998-06-06', 'F', '(11) 90000-0033', 'fRua 33, 330', 'fAmil'),
('fHeitor Silva', '111.111.111-34', '1987-03-03', 'M', '(11) 90000-0034', 'fRua 34, 340', 'fUnimed'),
('fIsabela Fernandes', '111.111.111-35', '1992-10-10', 'F', '(11) 90000-0035', 'fRua 35, 350', 'fBradesco Saúde'),
('fJoão Souza', '111.111.111-36', '1984-08-08', 'M', '(11) 90000-0036', 'fRua 36, 360', 'fAmil'),
('fKátia Ribeiro', '111.111.111-37', '1995-05-05', 'F', '(11) 90000-0037', 'fRua 37, 370', 'fUnimed'),
('fLeandro Alves', '111.111.111-38', '1989-02-02', 'M', '(11) 90000-0038', 'fRua 38, 380', 'fBradesco Saúde'),
('fMarina Dias', '111.111.111-39', '1996-04-04', 'F', '(11) 90000-0039', 'fRua 39, 390', 'fAmil'),
('fNicolas Gomes', '111.111.111-40', '1983-01-01', 'M', '(11) 90000-0040', 'fRua 40, 400', 'fUnimed'),
('fOlga Rocha', '111.111.111-41', '1990-09-09', 'F', '(11) 90000-0041', 'fRua 41, 410', 'fBradesco Saúde'),
('fPaulo Silva', '111.111.111-42', '1986-06-06', 'M', '(11) 90000-0042', 'fRua 42, 420', 'fAmil'),
('fQueila Pereira', '111.111.111-43', '1994-12-12', 'F', '(11) 90000-0043', 'fRua 43, 430', 'fUnimed'),
('fRafael Costa', '111.111.111-44', '1981-03-03', 'M', '(11) 90000-0044', 'fRua 44, 440', 'fBradesco Saúde'),
('fSabrina Lima', '111.111.111-45', '1997-11-11', 'F', '(11) 90000-0045', 'fRua 45, 450', 'fAmil'),
('fThiago Ribeiro', '111.111.111-46', '1988-08-08', 'M', '(11) 90000-0046', 'fRua 46, 460', 'fUnimed'),
('fUrsula Gomes', '111.111.111-47', '1991-02-02', 'F', '(11) 90000-0047', 'fRua 47, 470', 'fBradesco Saúde'),
('fVitor Fernandes', '111.111.111-48', '1985-05-05', 'M', '(11) 90000-0048', 'fRua 48, 480', 'fAmil'),
('fWanda Costa', '111.111.111-49', '1993-03-03', 'F', '(11) 90000-0049', 'fRua 49, 490', 'fUnimed'),
('fXênia Souza', '111.111.111-50', '1982-12-12', 'F', '(11) 90000-0050', 'fRua 50, 500', 'fBradesco Saúde');

INSERT INTO Medico (nome, especialidade) VALUES
('fDr. André Lima', 'fCardiologista'),
('fDra. Beatriz Sousa', 'fNeurologista'),
('fDr. Caio Ferreira', 'fOrtopedista'),
('fDra. Daniela Rocha', 'fPediatra'),
('fDr. Eduardo Silva', 'fDermatologista'),
('fDra. Fernanda Alves', 'fGinecologista'),
('fDr. Gustavo Santos', 'fEndocrinologista'),
('fDra. Helena Dias', 'fPsiquiatra'),
('fDr. Igor Gomes', 'fOftalmologista'),
('fDra. Juliana Pereira', 'fReumatologista'),
('fDr. Kleber Matos', 'fUrologista'),
('fDra. Larissa Oliveira', 'fOncologista'),
('fDr. Marcelo Andrade', 'fInfectologista'),
('fDra. Natália Castro', 'fPneumologista'),
('fDr. Otávio Moreira', 'fCardiologista'),
('fDra. Patrícia Lima', 'fNeurologista'),
('fDr. Rafael Barros', 'fOrtopedista'),
('fDra. Sandra Fernandes', 'fPediatra'),
('fDr. Tiago Santos', 'fDermatologista'),
('fDra. Vanessa Ribeiro', 'fGinecologista'),
('fDr. Wagner Costa', 'fEndocrinologista'),
('fDra. Yasmin Martins', 'fPsiquiatra'),
('fDr. Zeca Dias', 'fOftalmologista'),
('fDra. Alice Rocha', 'fReumatologista'),
('fDr. Bruno Almeida', 'fUrologista'),
('fDra. Carla Pires', 'fOncologista'),
('fDr. Daniel Souza', 'fInfectologista'),
('Dra. Elisa Fernandes', 'fPneumologista'),
('fDr. Felipe Campos', 'fCardiologista'),
('fDra. Glória Matos', 'fNeurologista'),
('fDr. Henrique Oliveira', 'fOrtopedista'),
('fDra. Isabela Ferreira', 'fPediatra'),
('fDr. João Pedro Lima', 'fDermatologista'),
('fDra. Karina Santos', 'fGinecologista'),
('fDr. Lucas Silva', 'fEndocrinologista'),
('fDra. Mariana Alves', 'fPsiquiatra'),
('fDr. Nelson Gomes', 'fOftalmologista'),
('fDra. Olivia Pereira', 'fReumatologista'),
('fDr. Paulo Costa', 'fUrologista'),
('fDra. Quésia Dias', 'fOncologista'),
('fDr. Rodrigo Barros', 'fInfectologista'),
('fDra. Sabrina Rocha', 'fPneumologista'),
('fDr. Thiago Martins', 'fCardiologista'),
('fDra. Ubiraci Fernandes', 'fNeurologista'),
('fDr. Vinícius Almeida', 'fOrtopedista'),
('fDra. Wagneria Souza', 'fPediatra'),
('fDr. Xavier Lima', 'fDermatologista'),
('fDra. Yara Oliveira', 'fGinecologista'),
('fDr. Zilda Santos', 'fEndocrinologista'),
('fDra. Alexandre Costa', 'fPsiquiatra');


INSERT INTO Unidade_Internacao (nome_unidade) VALUES
('fUnidade A - Cardiologia'),
('fUnidade B - Neurologia'),
('fUnidade C - Ortopedia'),
('fUnidade D - Pediatria'),
('fUnidade E - Dermatologia'),
('fUnidade F - Ginecologia'),
('fUnidade G - Endocrinologia'),
('fUnidade H - Psiquiatria'),
('fUnidade I - Oftalmologia'),
('fUnidade J - Reumatologia'),
('fUnidade K - Urologia'),
('fUnidade L - Oncologia'),
('fUnidade M - Infectologia'),
('fUnidade N - Pneumologia'),
('fUnidade O - Emergência'),
('fUnidade P - Cuidados Intensivos'),
('fUnidade Q - Cirurgia Geral'),
('fUnidade R - Neonatologia'),
('fUnidade S - Fisioterapia'),
('fUnidade T - Hematologia'),
('fUnidade U - Gastroenterologia'),
('fUnidade V - Nefrologia'),
('fUnidade W - Endoscopia'),
('fUnidade X - Radiologia'),
('fUnidade Y - Anestesiologia'),
('fUnidade Z - Otorrinolaringologia'),
('fUnidade AA - Dermatologia Pediátrica'),
('fUnidade AB - Psicologia'),
('fUnidade AC - Reabilitação'),
('fUnidade AD - Terapia Intensiva'),
('fUnidade AE - Medicina Interna'),
('fUnidade AF - Traumatologia'),
('fUnidade AG - Transplantes'),
('fUnidade AH - Clínica Médica'),
('fUnidade AI - Unidade de Dor'),
('fUnidade AJ - Medicina Nuclear'),
('fUnidade AK - Cirurgia Plástica'),
('fUnidade AL - Endocrinologia Pediátrica'),
('fUnidade AM - Unidade de Queimados'),
('fUnidade AN - Unidade de AVC'),
('fUnidade AO - Unidade de Insuficiência Renal'),
('fUnidade AP - Unidade de Diálise'),
('fUnidade AQ - Unidade de Cardiologia Pediátrica'),
('fUnidade AR - Unidade de Oncologia Pediátrica'),
('fUnidade AS - Unidade de Cuidados Paliativos'),
('fUnidade AT - Unidade de Infectologia Pediátrica'),
('fUnidade AU - Unidade de Reumatologia Pediátrica'),
('fUnidade AV - Unidade de Neurologia Pediátrica'),
('fUnidade AW - Unidade de Emergência Pediátrica'),
('fUnidade AX - Unidade de Psiquiatria Pediátrica');

INSERT INTO Atendimento (paciente_id, data, motivo) VALUES
(1, '2025-06-15 08:30:00', 'fConsulta geral'),
(2, '2025-06-15 09:00:00', 'fExame cardiológico'),
(3, '2025-06-15 09:30:00', 'fDor nas costas'),
(4, '2025-06-15 10:00:00', 'fConsulta pediátrica'),
(5, '2025-06-15 10:30:00', 'fAvaliação dermatológica'),
(6, '2025-06-15 11:00:00', 'fConsulta ginecológica'),
(7, '2025-06-15 11:30:00', 'fAvaliação hormonal'),
(8, '2025-06-15 12:00:00', 'fConsulta psiquiátrica'),
(9, '2025-06-15 12:30:00', 'fAvaliação oftalmológica'),
(10, '2025-06-15 13:00:00', 'fConsulta reumatológica'),
(11, '2025-06-16 08:30:00', 'fAvaliação urológica'),
(12, '2025-06-16 09:00:00', 'fConsulta oncológica'),
(13, '2025-06-16 09:30:00', 'fAvaliação infectológica'),
(14, '2025-06-16 10:00:00', 'fConsulta pneumológica'),
(15, '2025-06-16 10:30:00', 'fAtendimento emergencial'),
(16, '2025-06-16 11:00:00', 'fConsulta de rotina'),
(17, '2025-06-16 11:30:00', 'fConsulta cirúrgica'),
(18, '2025-06-16 12:00:00', 'fConsulta neonatológica'),
(19, '2025-06-16 12:30:00', 'fAvaliação fisioterápica'),
(20, '2025-06-16 13:00:00', 'fConsulta hematológica'),
(21, '2025-06-17 08:30:00', 'fConsulta gastroenterológica'),
(22, '2025-06-17 09:00:00', 'fAvaliação nefrológica'),
(23, '2025-06-17 09:30:00', 'fConsulta endoscópica'),
(24, '2025-06-17 10:00:00', 'fConsulta ortopédica'),
(25, '2025-06-17 10:30:00', 'fConsulta neurológica'),
(26, '2025-06-17 11:00:00', 'fAvaliação nutricional'),
(27, '2025-06-17 11:30:00', 'fConsulta geriátrica'),
(28, '2025-06-17 12:00:00', 'fAvaliação cardiopulmonar'),
(29, '2025-06-17 12:30:00', 'fConsulta vascular'),
(30, '2025-06-17 13:00:00', 'fConsulta endocrinológica'),
(31, '2025-06-18 08:30:00', 'fExame de imagem'),
(32, '2025-06-18 09:00:00', 'fConsulta com clínico geral'),
(33, '2025-06-18 09:30:00', 'fAtendimento psicológico'),
(34, '2025-06-18 10:00:00', 'fConsulta ambulatorial'),
(35, '2025-06-18 10:30:00', 'fExame neurológico'),
(36, '2025-06-18 11:00:00', 'fConsulta odontológica'),
(37, '2025-06-18 11:30:00', 'fConsulta alérgica'),
(38, '2025-06-18 12:00:00', 'fConsulta hepatológica'),
(39, '2025-06-18 12:30:00', 'fAvaliação otorrinolaringológica'),
(40, '2025-06-18 13:00:00', 'fConsulta imunológica'),
(41, '2025-06-19 08:30:00', 'fConsulta com nutricionista'),
(42, '2025-06-19 09:00:00', 'fConsulta fonoaudiológica'),
(43, '2025-06-19 09:30:00', 'fAvaliação psicológica'),
(44, '2025-06-19 10:00:00', 'fConsulta paliativa'),
(45, '2025-06-19 10:30:00', 'fAtendimento de emergência clínica'),
(46, '2025-06-19 11:00:00', 'fAvaliação dermatológica'),
(47, '2025-06-19 11:30:00', 'fConsulta psiquiátrica'),
(48, '2025-06-19 12:00:00', 'fConsulta ginecológica'),
(49, '2025-06-19 12:30:00', 'fAvaliação com pneumologista'),
(50, '2025-06-19 13:00:00', 'fConsulta hematológica');

INSERT INTO Funcionario_Recepcao (atendimento_id, nome, cargo, cpf, telefone) VALUES
(1, 'fAna Paula', 'fRecepcionista', '222.333.444-01', '(11) 90001-0001'),
(2, 'fBruno Costa', 'fRecepcionista', '222.333.444-02', '(11) 90001-0002'),
(3, 'fCarla Lima', 'fRecepcionista', '222.333.444-03', '(11) 90001-0003'),
(4, 'fDiego Santos', 'fRecepcionista', '222.333.444-04', '(11) 90001-0004'),
(5, 'fElisa Rocha', 'fRecepcionista', '222.333.444-05', '(11) 90001-0005'),
(6, 'fFábio Martins', 'fRecepcionista', '222.333.444-06', '(11) 90001-0006'),
(7, 'fGabriela Souza', 'fRecepcionista', '222.333.444-07', '(11) 90001-0007'),
(8, 'fHugo Alves', 'fRecepcionista', '222.333.444-08', '(11) 90001-0008'),
(9, 'fIsabela Ferreira', 'fRecepcionista', '222.333.444-09', '(11) 90001-0009'),
(10, 'fJoão Pedro', 'fRecepcionista', '222.333.444-10', '(11) 90001-0010'),
(11, 'fKaren Dias', 'fRecepcionista', '222.333.444-11', '(11) 90001-0011'),
(12, 'fLucas Pereira', 'fRecepcionista', '222.333.444-12', '(11) 90001-0012'),
(13, 'fMariana Rocha', 'fRecepcionista', '222.333.444-13', '(11) 90001-0013'),
(14, 'fNatan Silva', 'fRecepcionista', '222.333.444-14', '(11) 90001-0014'),
(15, 'fOlivia Costa', 'fRecepcionista', '222.333.444-15', '(11) 90001-0015'),
(16, 'fPaulo Gomes', 'fRecepcionista', '222.333.444-16', '(11) 90001-0016'),
(17, 'fQuésia Lima', 'fRecepcionista', '222.333.444-17', '(11) 90001-0017'),
(18, 'fRicardo Fernandes', 'fRecepcionista', '222.333.444-18', '(11) 90001-0018'),
(19, 'fSofia Ribeiro', 'fRecepcionista', '222.333.444-19', '(11) 90001-0019'),
(20, 'fTiago Martins', 'fRecepcionista', '222.333.444-20', '(11) 90001-0020'),
(21, 'fÚrsula Dias', 'fRecepcionista', '222.333.444-21', '(11) 90001-0021'),
(22, 'fVictor Souza', 'fRecepcionista', '222.333.444-22', '(11) 90001-0022'),
(23, 'fWaleska Alves', 'fRecepcionista', '222.333.444-23', '(11) 90001-0023'),
(24, 'fXavier Gomes', 'fRecepcionista', '222.333.444-24', '(11) 90001-0024'),
(25, 'fYara Rocha', 'fRecepcionista', '222.333.444-25', '(11) 90001-0025'),
(26, 'fZeca Silva', 'fRecepcionista', '222.333.444-26', '(11) 90001-0026'),
(27, 'fAlice Pereira', 'fRecepcionista', '222.333.444-27', '(11) 90001-0027'),
(28, 'fBruno Dias', 'fRecepcionista', '222.333.444-28', '(11) 90001-0028'),
(29, 'fCamila Costa', 'fRecepcionista', '222.333.444-29', '(11) 90001-0029'),
(30, 'fDaniel Gomes', 'fRecepcionista', '222.333.444-30', '(11) 90001-0030'),
(31, 'fElaine Ribeiro', 'fRecepcionista', '222.333.444-31', '(11) 90001-0031'),
(32, 'fFábio Martins', 'fRecepcionista', '222.333.444-32', '(11) 90001-0032'),
(33, 'fGiovana Lima', 'fRecepcionista', '222.333.444-33', '(11) 90001-0033'),
(34, 'fHeitor Silva', 'fRecepcionista', '222.333.444-34', '(11) 90001-0034'),
(35, 'fIsabela Fernandes', 'fRecepcionista', '222.333.444-35', '(11) 90001-0035'),
(36, 'fJoão Souza', 'fRecepcionista', '222.333.444-36', '(11) 90001-0036'),
(37, 'fKátia Ribeiro', 'fRecepcionista', '222.333.444-37', '(11) 90001-0037'),
(38, 'fLeandro Alves', 'fRecepcionista', '222.333.444-38', '(11) 90001-0038'),
(39, 'fMarina Dias', 'fRecepcionista', '222.333.444-39', '(11) 90001-0039'),
(40, 'fNicolas Gomes', 'fRecepcionista', '222.333.444-40', '(11) 90001-0040'),
(41, 'fOlga Rocha', 'fRecepcionista', '222.333.444-41', '(11) 90001-0041'),
(42, 'fPaulo Silva', 'fRecepcionista', '222.333.444-42', '(11) 90001-0042'),
(43, 'fQueila Pereira', 'fRecepcionista', '222.333.444-43', '(11) 90001-0043'),
(44, 'fRafael Costa', 'fRecepcionista', '222.333.444-44', '(11) 90001-0044'),
(45, 'fSílvia Martins', 'fRecepcionista', '222.333.444-45', '(11) 90001-0045'),
(46, 'fThiago Lima', 'fRecepcionista', '222.333.444-46', '(11) 90001-0046'),
(47, 'fUlisses Souza', 'fRecepcionista', '222.333.444-47', '(11) 90001-0047'),
(48, 'fVanessa Dias', 'fRecepcionista', '222.333.444-48', '(11) 90001-0048'),
(49, 'fWashington Alves', 'fRecepcionista', '222.333.444-49', '(11) 90001-0049'),
(50, 'fXênia Gomes', 'fRecepcionista', '222.333.444-50', '(11) 90001-0050');



INSERT INTO Agendamento (funcionario_id, paciente_id, data_agendamento, tipo_consulta, status)VALUES
(1, 1, '2025-06-10 08:00:00', 'fExame de rotina', 'fConfirmado'),
(2, 2, '2025-06-10 09:00:00', 'fConsulta de acompanhamento', 'fPendente'),
(3, 3, '2025-06-10 10:00:00', 'fConsulta para dor na perna', 'fConfirmado'),
(4, 4, '2025-06-11 11:00:00', 'fAvaliação cirúrgica', 'fCancelado'),
(5, 5, '2025-06-11 14:00:00', 'fRetorno pós-operatório', 'fPendente'),
(6, 6, '2025-06-12 08:30:00', 'fExame de rotina', 'fConfirmado'),
(7, 7, '2025-06-12 09:30:00', 'fConsulta de acompanhamento', 'fConfirmado'),
(8, 8, '2025-06-12 10:45:00', 'fConsulta para dor na perna', 'fCancelado'),
(9, 9, '2025-06-13 13:00:00', 'fAvaliação cirúrgica', 'fPendente'),
(10, 10, '2025-06-13 14:30:00', 'fRetorno pós-operatório', 'fConfirmado'),
(1, 11, '2025-06-14 08:15:00', 'fExame de rotina', 'fConfirmado'),
(2, 12, '2025-06-14 09:15:00', 'fConsulta de acompanhamento', 'fCancelado'),
(3, 13, '2025-06-14 10:15:00', 'fConsulta para dor na perna', 'fConfirmado'),
(4, 14, '2025-06-15 11:30:00', 'fAvaliação cirúrgica', 'fPendente'),
(5, 15, '2025-06-15 13:45:00', 'fRetorno pós-operatório', 'fConfirmado'),
(6, 16, '2025-06-16 08:00:00', 'fExame de rotina', 'fConfirmado'),
(7, 17, '2025-06-16 09:00:00', 'fConsulta de acompanhamento', 'fConfirmado'),
(8, 18, '2025-06-16 10:00:00', 'fConsulta para dor na perna', 'fPendente'),
(9, 19, '2025-06-17 11:00:00', 'fAvaliação cirúrgica', 'fConfirmado'),
(10, 20, '2025-06-17 14:00:00', 'fRetorno pós-operatório', 'fCancelado'),
(1, 21, '2025-06-18 08:30:00', 'fExame de rotina', 'fPendente'),
(2, 22, '2025-06-18 09:30:00', 'fConsulta de acompanhamento', 'fConfirmado'),
(3, 23, '2025-06-18 10:30:00', 'fConsulta para dor na perna', 'fConfirmado'),
(4, 24, '2025-06-19 13:30:00', 'fAvaliação cirúrgica', 'fPendente'),
(5, 25, '2025-06-19 15:00:00', 'fRetorno pós-operatório', 'fConfirmado'),
(6, 26, '2025-06-20 08:45:00', 'fExame de rotina', 'fCancelado'),
(7, 27, '2025-06-20 09:45:00', 'fConsulta de acompanhamento', 'fConfirmado'),
(8, 28, '2025-06-20 10:45:00', 'fConsulta para dor na perna', 'fPendente'),
(9, 29, '2025-06-21 12:00:00', 'fAvaliação cirúrgica', 'fConfirmado'),
(10, 30, '2025-06-21 14:15:00', 'fRetorno pós-operatório', 'fPendente'),
(1, 31, '2025-06-22 08:00:00', 'fExame de rotina', 'fConfirmado'),
(2, 32, '2025-06-22 09:00:00', 'fConsulta de acompanhamento', 'fCancelado'),
(3, 33, '2025-06-22 10:00:00', 'fConsulta para dor na perna', 'fConfirmado'),
(4, 34, '2025-06-23 11:00:00', 'fAvaliação cirúrgica', 'fPendente'),
(5, 35, '2025-06-23 14:00:00', 'fRetorno pós-operatório', 'fConfirmado'),
(6, 36, '2025-06-24 08:15:00', 'fExame de rotina', 'fPendente'),
(7, 37, '2025-06-24 09:15:00', 'fConsulta de acompanhamento', 'fConfirmado'),
(8, 38, '2025-06-24 10:15:00', 'fConsulta para dor na perna', 'fConfirmado'),
(9, 39, '2025-06-25 13:00:00', 'fAvaliação cirúrgica', 'fCancelado'),
(10, 40, '2025-06-25 14:30:00', 'fRetorno pós-operatório', 'fConfirmado'),
(1, 41, '2025-06-26 08:00:00', 'fExame de rotina', 'fPendente'),
(2, 42, '2025-06-26 09:00:00', 'fConsulta de acompanhamento', 'fConfirmado'),
(3, 43, '2025-06-26 10:00:00', 'fConsulta para dor na perna', 'fConfirmado'),
(4, 44, '2025-06-27 11:00:00', 'fAvaliação cirúrgica', 'fPendente'),
(5, 45, '2025-06-27 14:00:00', 'fRetorno pós-operatório', 'fConfirmado'),
(6, 46, '2025-06-28 08:30:00', 'fExame de rotina', 'fCancelado'),
(7, 47, '2025-06-28 09:30:00', 'fConsulta de acompanhamento', 'fPendente'),
(8, 48, '2025-06-28 10:30:00', 'fConsulta para dor na perna', 'fConfirmado'),
(9, 49, '2025-06-29 13:30:00', 'fAvaliação cirúrgica', 'fConfirmado'),
(10, 50, '2025-06-29 15:00:00', 'fRetorno pós-operatório', 'fPendente');

INSERT INTO Consulta (medico_id, paciente_id, data, diagnostico)VALUES
(1, 1, '2025-06-10 08:30:00', 'fExame de rotina – Sem alterações'),
(2, 2, '2025-06-10 09:30:00', 'fAcompanhamento – Estável'),
(3, 3, '2025-06-10 10:30:00', 'fDor lombar – Recomendado repouso'),
(4, 4, '2025-06-11 11:00:00', 'fAvaliação pós-operatória – Boa recuperação'),
(5, 5, '2025-06-11 14:00:00', 'fInfecção leve – Prescrição de antibiótico'),
(6, 6, '2025-06-12 08:00:00', 'fExame de rotina – Sem alterações'),
(7, 7, '2025-06-12 09:00:00', 'fAcompanhamento – Sem queixas'),
(8, 8, '2025-06-12 10:15:00', 'fFratura – Encaminhado para ortopedia'),
(9, 9, '2025-06-13 13:00:00', 'fAvaliação cirúrgica – Cirurgia agendada'),
(10, 10, '2025-06-13 14:15:00', 'fDor abdominal – Solicitado ultrassom'),
(1, 11, '2025-06-14 08:30:00', 'fExame de rotina – Sem alterações'),
(2, 12, '2025-06-14 09:30:00', 'fAcompanhamento – Monitoramento contínuo'),
(3, 13, '2025-06-14 10:30:00', 'fInfecção de garganta – Tratamento iniciado'),
(4, 14, '2025-06-15 11:00:00', 'fAvaliação pós-cirúrgica – Sem complicações'),
(5, 15, '2025-06-15 13:30:00', 'fConsulta dermatológica – Uso de pomada indicado'),
(6, 16, '2025-06-16 08:15:00', 'fExame de rotina – Pressão normal'),
(7, 17, '2025-06-16 09:15:00', 'fAcompanhamento – Alta médica'),
(8, 18, '2025-06-16 10:15:00', 'fDor no ombro – Encaminhado à fisioterapia'),
(9, 19, '2025-06-17 13:00:00', 'fAvaliação – Sem alterações'),
(10, 20, '2025-06-17 14:30:00', 'fExame neurológico – Normalidade'),
(1, 21, '2025-06-18 08:00:00', 'fExame de rotina – Sem alterações'),
(2, 22, '2025-06-18 09:00:00', 'fAcompanhamento – Quadro estável'),
(3, 23, '2025-06-18 10:00:00', 'fQueixa respiratória – Exames solicitados'),
(4, 24, '2025-06-19 13:30:00', 'fAvaliação clínica – Recomendada dieta'),
(5, 25, '2025-06-19 15:00:00', 'fDor torácica – Encaminhado ao cardiologista'),
(6, 26, '2025-06-20 08:45:00', 'fExame de rotina – Sem alterações'),
(7, 27, '2025-06-20 09:45:00', 'fAcompanhamento – Evolução satisfatória'),
(8, 28, '2025-06-20 10:45:00', 'fConsulta – Novo medicamento prescrito'),
(9, 29, '2025-06-21 12:00:00', 'fRetorno – Cicatrização completa'),
(10, 30, '2025-06-21 14:15:00', 'fDor nas costas – Início de fisioterapia'),
(1, 31, '2025-06-22 08:00:00', 'ffExame de rotina – Tudo normal'),
(2, 32, '2025-06-22 09:00:00', 'fAcompanhamento – Alta próxima'),
(3, 33, '2025-06-22 10:00:00', 'fAvaliação pediátrica – Crescimento normal'),
(4, 34, '2025-06-23 11:00:00', 'fExame ginecológico – Aguardando exames'),
(5, 35, '2025-06-23 14:00:00', 'fConsulta ortopédica – Gesso mantido'),
(6, 36, '2025-06-24 08:15:00', 'fExame de rotina – Colesterol controlado'),
(7, 37, '2025-06-24 09:15:00', 'fAcompanhamento – Estável'),
(8, 38, '2025-06-24 10:15:00', 'fConsulta neurológica – Revisão em 3 meses'),
(9, 39, '2025-06-25 13:00:00', 'fAvaliação – Sem novos sintomas'),
(10, 40, '2025-06-25 14:30:00', 'fDor no joelho – Avaliação por imagem'),
(1, 41, '2025-06-26 08:00:00', 'fExame de rotina – Sem alterações'),
(2, 42, '2025-06-26 09:00:00', 'fAcompanhamento – Redução de medicamentos'),
(3, 43, '2025-06-26 10:00:00', 'fConsulta psiquiátrica – Medicação ajustada'),
(4, 44, '2025-06-27 11:00:00', 'fDor muscular – Repouso recomendado'),
(5, 45, '2025-06-27 14:00:00', 'fAcompanhamento de cirurgia – Cicatriz ok'),
(6, 46, '2025-06-28 08:30:00', 'fExame de rotina – Boa saúde'),
(7, 47, '2025-06-28 09:30:00', 'fAcompanhamento – Retorno em 2 meses'),
(8, 48, '2025-06-28 10:30:00', 'fConsulta urológica – Sem alterações'),
(9, 49, '2025-06-29 13:30:00', 'fConsulta geriátrica – Condição estável'),
(10, 50, '2025-06-29 15:00:00', 'fExame oftalmológico – Óculos atualizados');

INSERT INTO Internacao (paciente_id, unidade_id, medico_id, motivo_internacao, data_admissao, data_saida)VALUES
(1, 1, 1, 'fInfarto', '2025-06-01', '2025-06-06'),
(2, 2, 2, 'fPneumonia', '2025-06-01', '2025-06-05'),
(3, 3, 3, 'fFratura no fêmur', '2025-06-02', '2025-06-07'),
(4, 4, 4, 'fApendicite', '2025-06-02', '2025-06-06'),
(5, 5, 5, 'fAcidente vascular', '2025-06-03', '2025-06-09'),
(6, 1, 6, 'fInfecção urinária', '2025-06-03', '2025-06-07'),
(7, 2, 7, 'fCrise asmática', '2025-06-04', '2025-06-08'),
(8, 3, 8, 'fCirurgia de hérnia', '2025-06-04', '2025-06-09'),
(9, 4, 9, 'fFratura de braço', '2025-06-05', '2025-06-10'),
(10, 5, 10, 'fDesidratação', '2025-06-05', '2025-06-07'),
(11, 1, 1, 'fInfarto', '2025-06-06', '2025-06-11'),
(12, 2, 2, 'fPneumonia', '2025-06-06', '2025-06-10'),
(13, 3, 3, 'fFratura no tornozelo', '2025-06-07', '2025-06-12'),
(14, 4, 4, 'fCirurgia de vesícula', '2025-06-07', '2025-06-13'),
(15, 5, 5, 'fCrise hipertensiva', '2025-06-08', '2025-06-10'),
(16, 1, 6, 'fInfecção intestinal', '2025-06-08', '2025-06-11'),
(17, 2, 7, 'fDor abdominal aguda', '2025-06-09', '2025-06-13'),
(18, 3, 8, 'fTraumatismo craniano', '2025-06-09', '2025-06-14'),
(19, 4, 9, 'fFratura exposta', '2025-06-10', '2025-06-15'),
(20, 5, 10, 'fBronquite aguda', '2025-06-10', '2025-06-13'),
(21, 1, 1, 'fInfarto', '2025-06-11', '2025-06-16'),
(22, 2, 2, 'fPneumonia', '2025-06-11', '2025-06-14'),
(23, 3, 3, 'fHérnia umbilical', '2025-06-12', '2025-06-17'),
(24, 4, 4, 'fCrise epiléptica', '2025-06-12', '2025-06-16'),
(25, 5, 5, 'fInsuficiência respiratória', '2025-06-13', '2025-06-18'),
(26, 1, 6, 'fInfecção generalizada', '2025-06-13', '2025-06-19'),
(27, 2, 7, 'fLuxação de ombro', '2025-06-14', '2025-06-17'),
(28, 3, 8, 'fFebre alta', '2025-06-14', '2025-06-16'),
(29, 4, 9, 'fConvulsão', '2025-06-15', '2025-06-18'),
(30, 5, 10, 'fObstrução intestinal', '2025-06-15', '2025-06-20'),
(31, 1, 1, 'fInfarto', '2025-06-16', '2025-06-21'),
(32, 2, 2, 'fPneumonia', '2025-06-16', '2025-06-20'),
(33, 3, 3, 'fFratura na costela', '2025-06-17', '2025-06-22'),
(34, 4, 4, 'fGripe forte', '2025-06-17', '2025-06-19'),
(35, 5, 5, 'fCirurgia de emergência', '2025-06-18', '2025-06-24'),
(36, 1, 6, 'fChoque séptico', '2025-06-18', '2025-06-25'),
(37, 2, 7, 'fCrise convulsiva', '2025-06-19', '2025-06-22'),
(38, 3, 8, 'fFratura exposta', '2025-06-19', '2025-06-24'),
(39, 4, 9, 'fReação alérgica severa', '2025-06-20', '2025-06-22'),
(40, 5, 10, 'fHematoma interno', '2025-06-20', '2025-06-25'),
(41, 1, 1, 'fInfarto', '2025-06-21', '2025-06-26'),
(42, 2, 2, 'fPneumonia', '2025-06-21', '2025-06-27'),
(43, 3, 3, 'fHérnia inguinal', '2025-06-22', '2025-06-26'),
(44, 4, 4, 'fInfecção pós-operatória', '2025-06-22', '2025-06-28'),
(45, 5, 5, 'fDor intensa', '2025-06-23', '2025-06-26'),
(46, 1, 6, 'fConvulsão', '2025-06-23', '2025-06-27'),
(47, 2, 7, 'fDesmaios frequentes', '2025-06-24', '2025-06-28'),
(48, 3, 8, 'fHipotermia', '2025-06-24', '2025-06-29'),
(49, 4, 9, 'fTrauma abdominal', '2025-06-25', '2025-06-30'),
(50, 5, 10, 'fInfecção viral', '2025-06-25', '2025-06-28');

INSERT INTO Visita (paciente_id, data_visita, nome_visitante, relacionamento_visitante)VALUES
(1, '2025-06-10', 'fCarlos Silva', 'fIrmão'),
(2, '2025-06-11', 'fAna Souza', 'fMãe'),
(3, '2025-06-12', 'fJoão Lima', 'fPai'),
(4, '2025-06-13', 'fFernanda Alves', 'fEsposa'),
(5, '2025-06-14', 'fPaulo Mendes', 'fAmigo'),
(6, '2025-06-15', 'fMariana Rocha', 'fFilha'),
(7, '2025-06-16', 'fRoberto Nunes', 'fPrimo'),
(8, '2025-06-17', 'fLucas Martins', 'fIrmão'),
(9, '2025-06-18', 'fCamila Dias', 'fEsposa'),
(10, '2025-06-19', 'fBruno Carvalho', 'fAmigo'),
(11, '2025-06-20', 'fTatiane Borges', 'fSobrinha'),
(12, '2025-06-21', 'fRicardo Lopes', 'fTio'),
(13, '2025-06-22', 'fJuliana Faria', 'fNamorada'),
(14, '2025-06-23', 'fAndré Pereira', 'fIrmão'),
(15, '2025-06-24', 'fCristiane Luz', 'fMãe'),
(16, '2025-06-25', 'fVitor Ramos', 'fAvô'),
(17, '2025-06-26', 'fLarissa Pontes', 'fFilha'),
(18, '2025-06-27', 'fGabriel Sousa', 'fAmigo'),
(19, '2025-06-28', 'fVanessa Martins', 'fNamorada'),
(20, '2025-06-29', 'fEduardo Oliveira', 'fPrimo'),
(21, '2025-06-30', 'fBeatriz Gomes', 'fSobrinha'),
(22, '2025-06-10', 'fDiego Ferreira', 'fCunhado'),
(23, '2025-06-11', 'fRafaela Cunha', 'fMãe'),
(24, '2025-06-12', 'fThiago Santos', 'fPai'),
(25, '2025-06-13', 'fNatalia Xavier', 'fEsposa'),
(26, '2025-06-14', 'fVinícius Rocha', 'fIrmão'),
(27, '2025-06-15', 'fElisa Castro', 'fNamorada'),
(28, '2025-06-16', 'fDaniel Mendes', 'fAmigo'),
(29, '2025-06-17', 'fBruna Farias', 'fFilha'),
(30, '2025-06-18', 'fMarcelo Lima', 'fSobrinho'),
(31, '2025-06-19', 'fAline Pires', 'fEsposa'),
(32, '2025-06-20', 'fFelipe Costa', 'fAmigo'),
(33, '2025-06-21', 'fPatrícia Nogueira', 'fMãe'),
(34, '2025-06-22', 'fJonathan Reis', 'fIrmão'),
(35, '2025-06-23', 'fIsabela Barreto', 'fFilha'),
(36, '2025-06-24', 'fFernando Almeida', 'fTio'),
(37, '2025-06-25', 'fLetícia Carvalho', 'fNamorada'),
(38, '2025-06-26', 'fOtávio Silva', 'fPrimo'),
(39, '2025-06-27', 'fRafaela Matos', 'fEsposa'),
(40, '2025-06-28', 'fMurilo Freitas', 'fSobrinho'),
(41, '2025-06-29', 'fTatiane Cardoso', 'fFilha'),
(42, '2025-06-30', 'fAndressa Brito', 'fAmiga'),
(43, '2025-06-10', 'fGabriela Dias', 'fNamorada'),
(44, '2025-06-11', 'fRogério Peixoto', 'fAvô'),
(45, '2025-06-12', 'fDaniela Costa', 'fMãe'),
(46, '2025-06-13', 'fLeandro Melo', 'fIrmão'),
(47, '2025-06-14', 'fVanessa Rocha', 'fEsposa'),
(48, '2025-06-15', 'fPedro Moraes', 'fFilho'),
(49, '2025-06-16', 'fRafael Souza', 'fAmigo'),
(50, '2025-06-17', 'fSamantha Vieira', 'fSobrinha');